{
    "train_loss": [
        0.9754920901854343,
        0.8612497820880083,
        0.8223553318001553,
        0.7860790243916264,
        0.7721158694673602,
        0.7632458890567324,
        0.757415415622134,
        0.7346735835752203,
        0.7182462110074471,
        0.7017308596151018,
        0.7062902066096115,
        0.7080337970352738,
        0.6785060506533823,
        0.6605158609627089,
        0.6432485276517295,
        0.6333972871877387,
        0.6364953419774352,
        0.5982842022799998,
        0.58583826089282,
        0.5675135200051901,
        0.5682920372153588,
        0.5458893857158811,
        0.5137559081398096,
        0.5235126648706084,
        0.5080811391598139,
        0.5008499588798047,
        0.49462209914502203,
        0.4908188465891635,
        0.4661363977777961,
        0.46513168475887445
    ],
    "val_loss": [
        0.7832533299500901,
        0.7438342955799541,
        0.6853956637389816,
        0.7045315955639173,
        0.6914200638783915,
        0.6692425066462871,
        0.6794789675913976,
        0.6865575356667611,
        0.6763503917828876,
        0.6407757631167096,
        0.6982617254813565,
        0.6153086362163258,
        0.630759476048102,
        0.5937104586606743,
        0.535471109160656,
        0.5231408038488058,
        0.5888723310331095,
        0.5200199186557027,
        0.5199938109397104,
        0.5442767822066583,
        0.4675577358329698,
        0.467353654084092,
        0.505394758899974,
        0.5117559081330686,
        0.4643411240620797,
        0.40286537943654305,
        0.4033706496265352,
        0.48289803833675465,
        0.41232206337551847,
        0.4404357597293086
    ],
    "train_acc": [
        55.492470994816095,
        58.454702542582076,
        60.997284621081214,
        62.9227351271291,
        62.873364601333,
        63.1695877561096,
        63.6632930140706,
        65.2431498395458,
        67.21797087138978,
        67.63762034065662,
        67.83510244384102,
        67.48950876326833,
        68.45223401629228,
        70.45174031103431,
        70.92076030609726,
        70.797333991607,
        70.67390767711676,
        73.73488027647494,
        73.93236237965934,
        74.59886447790669,
        74.12984448284374,
        76.27746235497408,
        77.78326339175513,
        77.75857812885707,
        77.65983707726487,
        77.85731918044927,
        78.57319180449272,
        78.77067390767712,
        79.23969390274006,
        79.73339916070105
    ],
    "val_acc": [
        61.62695152013147,
        61.298274445357436,
        66.22843056696796,
        66.721446179129,
        66.22843056696796,
        68.85784716516024,
        68.61133935907971,
        68.36483155299918,
        68.36483155299918,
        70.33689400164339,
        72.55546425636811,
        74.36318816762531,
        70.5012325390304,
        74.11668036154478,
        77.64995891536566,
        76.253081347576,
        72.96631059983567,
        79.53985209531635,
        76.253081347576,
        75.51355792933443,
        80.77239112571898,
        80.44371405094495,
        77.9786359901397,
        76.253081347576,
        80.03286770747741,
        83.40180772391126,
        84.14133114215284,
        78.71815940838127,
        83.48397699260477,
        81.18323746918652
    ]
}